{
  "rmse": 0.021189012492975928,
  "mae": 0.015879393067235376,
  "directional_accuracy": 0.7079294059159831
}